{
  "categories": [
    "Work/Productivity",
    "Social Media",
    "News & Info",
    "Entertainment",
    "Shopping",
    "Reference & Learning",
    "Technology",
    "Finance",
    "Other"
  ],
  "assignments": {
    "google.com": "Work/Productivity",
    "*.google.com": "Work/Productivity",
    "github.com": "Work/Productivity",
    "gitlab.com": "Work/Productivity",
    "stackoverflow.com": "Work/Productivity",
    "developer.mozilla.org": "Work/Productivity",
    "microsoft.com": "Work/Productivity",
    "*.microsoft.com": "Work/Productivity",
    "office.com": "Work/Productivity",
    "live.com": "Work/Productivity",
    "linkedin.com": "Work/Productivity",
    "slack.com": "Work/Productivity",
    "zoom.us": "Work/Productivity",
    "asana.com": "Work/Productivity",
    "trello.com": "Work/Productivity",
    "atlassian.net": "Work/Productivity",
    "facebook.com": "Social Media",
    "twitter.com": "Social Media",
    "instagram.com": "Social Media",
    "reddit.com": "Social Media",
    "pinterest.com": "Social Media",
    "tumblr.com": "Social Media",
    "tiktok.com": "Social Media",
    "whatsapp.com": "Social Media",
    "bbc.com": "News & Info",
    "nytimes.com": "News & Info",
    "cnn.com": "News & Info",
    "theguardian.com": "News & Info",
    "reuters.com": "News & Info",
    "apnews.com": "News & Info",
    "npr.org": "News & Info",
    "aljazeera.com": "News & Info",
    "timesofindia.indiatimes.com": "News & Info",
    "thehindu.com": "News & Info",
    "ndtv.com": "News & Info",
    "indianexpress.com": "News & Info",
    "hindustantimes.com": "News & Info",
    "news18.com": "News & Info",
    "youtube.com": "Entertainment",
    "netflix.com": "Entertainment",
    "hulu.com": "Entertainment",
    "disneyplus.com": "Entertainment",
    "spotify.com": "Entertainment",
    "twitch.tv": "Entertainment",
    "imdb.com": "Entertainment",
    "primevideo.com": "Entertainment",
    "hotstar.com": "Entertainment",
    "jiocinema.com": "Entertainment",
    "zee5.com": "Entertainment",
    "sonyliv.com": "Entertainment",
    "amazon.com": "Shopping",
    "*.amazon.com": "Shopping",
    "amazon.in": "Shopping",
    "ebay.com": "Shopping",
    "walmart.com": "Shopping",
    "target.com": "Shopping",
    "etsy.com": "Shopping",
    "flipkart.com": "Shopping",
    "myntra.com": "Shopping",
    "ajio.com": "Shopping",
    "snapdeal.com": "Shopping",
    "wikipedia.org": "Reference & Learning",
    "wikimedia.org": "Reference & Learning",
    "wikihow.com": "Reference & Learning",
    "quora.com": "Reference & Learning",
    "britannica.com": "Reference & Learning",
    "webmd.com": "Reference & Learning",
    "coursera.org": "Reference & Learning",
    "udemy.com": "Reference & Learning",
    "khanacademy.org": "Reference & Learning",
    "techcrunch.com": "Technology",
    "theverge.com": "Technology",
    "engadget.com": "Technology",
    "wired.com": "Technology",
    "arstechnica.com": "Technology",
    "gsmarena.com": "Technology",
    "paypal.com": "Finance"
  }
}
