{
  "addons": {
    "focusflow-monitor@bleuflex.com": {
      "updates": [
        {
          "version": "0.6.1",
          "update_link": "https://github.com/SurajVerma/focus-flow-monitor/releases/download/v0.6.1/359e173d93d4421eb63d-0.6.1.xpi",
          "update_hash": "sha256:3643CACECDD8595F7A8924CA7FB72A7611F3956013A4CB30E9A6D3A6E8F5E8C5",
          "update_info_url": "https://github.com/SurajVerma/focus-flow-monitor/releases/tag/v0.6.1"
        },
        {
          "version": "0.6.2",
          "update_link": "https://github.com/SurajVerma/focus-flow-monitor/releases/download/v0.6.2/359e173d93d4421eb63d-0.6.2.xpi",
          "update_hash": "sha256:9448640440DDA0C0018C522C78B87405C5F38F7DE311162501EFF93A1DCD404A",
          "update_info_url": "https://github.com/SurajVerma/focus-flow-monitor/releases/tag/v0.6.2"
        }
      ]
    }
  }
}
